Ticker,Buy Date,Buy Price,Sell Date,Sell Price,Percentage Profit
A,2015-02-26,38.727,2015-05-22,38.8591,0.3413
A,2015-08-06,37.7399,2015-08-24,31.2149,-17.2894
A,2015-10-28,34.254,2016-01-22,35.1354,2.5733
AAPL,2015-02-06,26.7687,2015-04-17,28.0021,4.6076
AAPL,2015-04-29,29.0303,2015-06-29,28.0989,-3.2083
AAPL,2015-10-28,26.307,2015-12-21,24.2392,-7.8601
ABBV,2015-04-13,40.4006,2015-08-26,41.135,1.8179
ABBV,2015-11-11,41.3353,2015-12-21,37.215,-9.9678
ABT,2015-02-18,37.8881,2015-04-21,38.6418,1.9891
ABT,2015-04-27,39.7449,2015-08-26,36.2806,-8.7162
ABT,2015-11-04,38.0388,2016-01-05,35.7425,-6.0367
ACGL,2015-05-20,20.6345,2015-09-10,21.9341,6.298
ACGL,2015-10-05,23.6964,2015-11-27,22.9927,-2.9695
ACN,2015-03-02,75.2472,2015-09-02,79.0593,5.066
ACN,2015-10-13,87.0083,2015-12-29,89.2239,2.5464
ADBE,2015-02-18,77.02,2015-04-14,76.02,-1.2984
ADBE,2015-05-18,78.69,2015-09-03,77.6,-1.3852
ADBE,2015-10-05,84.8,2016-01-22,89.55,5.6014
ADI,2015-02-23,47.4309,2015-07-15,50.7198,6.9341
ADI,2015-10-19,49.2346,2015-12-10,46.853,-4.8372
ADM,2015-04-15,35.766,2015-07-02,36.3576,1.6542
ADM,2015-10-26,35.0688,2015-11-18,28.2435,-19.4626
ADP,2015-02-04,69.3952,2015-03-31,68.363,-1.4873
ADP,2015-05-18,69.981,2015-06-15,67.0762,-4.1508
ADP,2015-10-07,66.9641,2015-12-14,68.2507,1.9213
ADSK,2015-02-27,63.05,2015-04-17,61.01,-3.2355
ADSK,2015-04-30,58.9,2015-09-02,46.11,-21.7148
ADSK,2015-10-26,53.24,2016-01-08,56.17,5.5034
AEE,2015-04-27,31.3155,2015-09-17,29.7252,-5.0782
AEE,2015-10-08,31.5222,2015-12-09,32.152,1.9978
AEP,2015-05-06,38.8378,2015-05-26,38.9218,0.2163
AEP,2015-07-24,38.1588,2015-09-11,37.6571,-1.3149
AEP,2015-10-12,40.1374,2015-11-20,40.3537,0.5389
AEP,2015-12-29,41.9667,2016-05-10,47.607,13.4399
AES,2015-03-24,8.7164,2015-06-30,9.0498,3.8257
AES,2015-07-06,9.0704,2015-11-18,6.6676,-26.4902
AFL,2015-02-18,24.3475,2015-05-26,24.6593,1.2808
AFL,2015-08-06,25.2946,2015-09-01,22.7125,-10.2081
AFL,2015-10-21,24.4276,2015-12-22,23.4082,-4.1729
AIG,2015-03-03,42.9241,2015-08-26,46.1284,7.4648
AIG,2015-10-28,49.3356,2015-12-31,49.0347,-0.61
AIZ,2015-05-07,52.4568,2015-09-18,62.1979,18.5697
AIZ,2015-09-28,63.6751,2015-12-30,67.64,6.2268
AJG,2015-02-27,38.7127,2015-07-17,40.1193,3.6336
AJG,2015-10-29,36.6968,2015-12-22,34.1993,-6.8059
AKAM,2015-02-19,70.08,2015-06-22,72.73,3.7814
AKAM,2015-08-06,75.98,2015-09-02,71.35,-6.0937
AKAM,2015-10-27,74.99,2016-04-21,51.36,-31.5109
ALB,2015-04-13,50.6209,2015-06-22,51.0605,0.8684
ALB,2015-10-15,45.2026,2015-12-11,42.1656,-6.7188
ALB,2015-12-17,45.6992,2016-01-28,45.4003,-0.654
ALGN,2015-05-06,59.48,2015-08-13,60.63,1.9334
ALGN,2015-10-21,62.44,2015-12-30,66.41,6.3581
ALL,2015-04-09,57.1798,2015-05-08,54.6166,-4.4826
ALL,2015-07-30,55.2218,2015-08-14,50.7864,-8.032
ALL,2015-10-21,49.6987,2016-01-06,48.438,-2.5367
ALLE,2015-02-13,51.2176,2015-07-02,53.8639,5.1667
ALLE,2015-08-05,56.3657,2015-09-08,53.1428,-5.7179
ALLE,2015-10-28,57.5914,2016-01-07,55.0459,-4.42
AMAT,2015-03-02,21.9431,2015-03-30,20.2186,-7.8589
AMAT,2015-10-28,14.3378,2016-01-19,14.6337,2.0641
AMCR,2015-03-24,6.7884,2015-05-20,6.669,-1.7592
AMCR,2015-06-11,6.669,2015-07-23,6.5873,-1.2253
AMCR,2015-11-03,6.0606,2016-01-06,6.0606,0.0
AMD,2015-02-09,3.03,2015-03-30,2.73,-9.901
AMD,2015-06-24,2.6,2015-07-17,1.87,-28.0769
AMD,2015-10-20,2.0,2016-01-28,2.16,8.0
AME,2015-02-27,49.605,2015-05-07,48.6921,-1.8404
AME,2015-05-15,51.6787,2015-08-04,49.6509,-3.9239
AME,2015-08-19,53.3249,2015-09-09,50.6325,-5.0491
AME,2015-10-22,51.3832,2015-12-18,49.983,-2.725
AMGN,2015-03-10,113.6263,2015-05-21,122.1415,7.494
AMGN,2015-07-29,129.1628,2015-09-03,114.575,-11.2941
AMGN,2015-10-29,123.8128,2016-01-13,113.9935,-7.9308
AMP,2015-02-17,109.8175,2015-04-02,103.894,-5.394
AMP,2015-06-11,104.3626,2015-07-13,100.3579,-3.8373
AMP,2015-10-28,91.5646,2015-12-14,85.4018,-6.7306
AMT,2015-07-07,75.3854,2015-09-08,71.2666,-5.4637
AMT,2015-10-22,76.3892,2015-12-18,76.2248,-0.2152
AMZN,2015-02-06,18.7435,2015-04-14,19.1755,2.3048
AMZN,2015-04-22,19.5955,2015-09-21,27.2165,38.8916
AMZN,2015-09-22,26.9855,2016-01-11,30.624,13.4832
ANET,2015-03-04,4.2975,2015-04-21,4.0931,-4.7557
ANET,2015-06-02,4.355,2015-08-19,4.895,12.3995
ANET,2015-11-17,4.2431,2016-01-22,3.9569,-6.7462
AON,2015-02-18,90.8813,2015-04-13,88.697,-2.4034
AON,2015-05-13,89.6573,2015-07-21,92.7355,3.4333
AON,2015-10-30,84.7148,2016-01-04,82.6288,-2.4623
AOS,2015-08-19,30.0038,2016-01-05,32.0372,6.7773
APA,2015-02-06,53.4194,2015-03-20,46.8266,-12.3415
APA,2015-04-21,55.2034,2015-05-29,47.0248,-14.8153
APA,2015-10-22,35.8454,2015-12-17,35.2849,-1.5635
APD,2015-02-06,108.501,2015-04-13,109.2886,0.7259
APD,2015-08-17,106.3761,2015-09-15,98.7249,-7.1925
APD,2015-10-28,101.6304,2015-12-14,95.112,-6.4139
APH,2015-06-12,12.9762,2015-07-10,12.488,-3.762
APH,2015-10-27,12.2053,2015-12-23,12.1642,-0.3364
APO,2015-01-15,14.4161,2015-03-09,13.8412,-3.9882
APO,2015-05-08,13.8226,2015-07-06,13.8958,0.5299
APO,2015-07-14,13.8266,2015-07-27,12.6366,-8.6066
APO,2015-10-30,11.828,2015-11-16,11.3076,-4.3998
APTV,2015-02-13,61.6046,2015-07-13,63.475,3.0362
APTV,2015-10-06,62.7212,2016-01-08,60.4202,-3.6688
ARE,2015-07-30,66.6241,2015-09-02,60.5057,-9.1834
ARE,2015-10-19,66.9466,2015-12-11,63.5655,-5.0505
ARE,2015-12-18,65.4431,2016-01-11,62.0648,-5.1622
ATO,2015-04-08,43.4724,2015-05-13,41.512,-4.5095
ATO,2015-07-21,42.3788,2015-09-18,43.7694,3.2812
ATO,2015-10-01,46.0822,2016-08-18,60.8754,32.1019
AVB,2015-04-01,124.3375,2015-04-30,119.0047,-4.289
AVB,2015-07-15,120.8455,2015-09-11,116.283,-3.7755
AVB,2015-10-08,127.9475,2015-11-25,130.0972,1.6801
AVB,2015-12-14,126.4276,2016-01-29,125.6822,-0.5896
AVGO,2015-05-29,10.9579,2015-07-20,10.2592,-6.3766
AVGO,2015-09-23,9.5471,2015-10-14,8.6431,-9.4697
AVGO,2015-11-19,9.645,2016-01-25,9.5466,-1.0204
AVY,2015-04-09,44.5453,2015-04-21,42.6679,-4.2146
AVY,2015-05-05,47.5062,2015-07-31,51.5526,8.5176
AVY,2015-08-10,52.6591,2015-08-28,49.0481,-6.8573
AVY,2015-10-26,53.4487,2015-12-30,53.2273,-0.4143
AWK,2015-04-13,44.5383,2015-05-22,44.0013,-1.2059
AWK,2015-07-31,42.8308,2016-08-17,64.0704,49.5897
AXON,2015-04-16,27.01,2015-07-23,32.22,19.2892
AXON,2015-10-13,24.1,2015-10-26,23.22,-3.6515
AXON,2015-10-27,23.98,2015-11-05,20.44,-14.7623
AXP,2015-05-28,68.922,2015-07-09,66.2905,-3.8181
AXP,2015-08-31,65.9704,2015-09-10,65.0102,-1.4556
AXP,2015-10-28,64.5615,2015-11-06,64.7439,0.2825
AZO,2015-02-17,615.55,2015-05-27,682.0,10.7952
AZO,2015-08-03,702.0,2015-12-22,747.0,6.4103
BA,2015-01-14,112.8526,2015-04-17,132.7793,17.6573
BA,2015-07-24,129.1398,2015-08-24,110.2031,-14.6637
BA,2015-10-22,126.5678,2015-12-28,128.4804,1.5111
BAC,2015-03-17,12.9294,2015-03-26,12.3823,-4.2315
BAC,2015-05-07,13.0581,2015-08-26,12.7584,-2.2956
BAC,2015-10-29,13.8924,2016-01-04,13.3551,-3.8676
BALL,2015-02-18,33.5221,2015-04-14,32.725,-2.378
BALL,2015-04-27,33.8083,2015-06-03,32.1825,-4.8088
BALL,2015-10-28,30.5969,2016-01-29,30.2645,-1.0866
BAX,2015-04-14,31.9449,2015-05-26,30.9663,-3.0634
BAX,2015-07-01,32.0092,2015-09-10,30.9968,-3.1629
BAX,2015-11-06,32.0229,2016-01-07,31.6399,-1.1959
BBY,2015-02-26,26.3024,2015-04-20,25.7719,-2.0168
BBY,2015-09-04,25.5869,2015-10-30,24.5061,-4.2241
BDX,2015-07-06,119.2763,2015-09-02,114.5829,-3.9348
BDX,2015-10-29,119.9632,2016-01-15,120.7779,0.6791
BEN,2015-03-05,33.3928,2015-03-27,32.1736,-3.6511
BEN,2015-11-02,25.7848,2015-12-18,22.2311,-13.7821
BF-B,2015-02-06,30.4545,2015-03-23,30.2608,-0.6361
BF-B,2015-04-14,31.1095,2015-09-08,32.7498,5.2725
BF-B,2015-10-19,36.3333,2015-12-07,35.3146,-2.8036
BG,2015-02-11,67.4458,2015-07-10,64.8175,-3.897
BG,2015-10-14,58.1452,2015-11-18,50.1512,-13.7484
BIIB,2015-07-01,408.32,2015-07-27,305.4,-25.2057
BIIB,2015-11-18,280.65,2016-01-22,266.36,-5.0918
BK,2015-03-03,30.4245,2015-07-06,31.8805,4.7854
BK,2015-08-05,34.3904,2015-09-01,30.0606,-12.5901
BK,2015-10-26,32.6631,2015-12-24,32.1471,-1.5798
BKNG,2015-02-26,1233.3433,2015-04-23,1193.8638,-3.201
BKNG,2015-04-27,1219.9036,2015-06-05,1168.4857,-4.2149
BKNG,2015-07-29,1187.9586,2015-12-02,1270.6305,6.9592
BKR,2015-02-05,33.2675,2015-06-03,35.1848,5.7634
BKR,2015-10-14,29.9055,2015-11-06,26.8851,-10.0999
BLDR,2015-03-06,5.9,2015-06-22,13.83,134.4068
BLDR,2015-06-26,13.63,2015-07-28,12.99,-4.6955
BLDR,2015-07-30,14.01,2015-10-08,14.09,0.571
BLDR,2015-12-01,13.62,2015-12-14,11.77,-13.583
BLK,2015-02-13,287.7633,2015-04-20,284.1323,-1.2618
BLK,2015-04-30,282.7965,2015-05-15,287.2206,1.5644
BLK,2015-05-18,285.8,2015-12-24,267.8806,-6.2699
BMY,2015-03-06,47.1385,2015-06-25,47.9761,1.777
BMY,2015-07-08,48.878,2015-08-12,44.8673,-8.2056
BMY,2015-10-13,45.3318,2016-01-19,46.3452,2.2354
BR,2015-06-15,43.2188,2015-09-10,44.0669,1.9623
BR,2015-10-02,45.9338,2015-11-27,46.4659,1.1583
BRK-B,2015-05-20,146.41,2015-06-15,139.72,-4.5694
BRK-B,2015-08-03,143.11,2015-08-27,134.4,-6.0862
BRK-B,2015-10-27,136.4,2015-12-11,130.31,-4.4648
BRO,2015-02-25,14.7931,2015-05-07,14.4657,-2.2136
BRO,2015-06-11,15.076,2015-08-31,14.7736,-2.0057
BRO,2015-11-02,14.7476,2016-01-05,14.509,-1.6174
BSX,2015-01-08,14.3,2015-05-21,17.91,25.2448
BSX,2015-06-08,17.82,2015-06-30,17.99,0.954
BSX,2015-07-16,17.87,2016-01-13,17.89,0.1119
BX,2015-10-28,21.6211,2015-11-23,19.8172,-8.3431
BXP,2015-04-08,92.9431,2015-04-29,91.3208,-1.7455
BXP,2015-10-09,81.8547,2016-01-25,81.3192,-0.6541
C,2015-03-04,40.0779,2015-04-22,39.3585,-1.7951
C,2015-04-28,39.4709,2015-08-27,39.9322,1.1688
C,2015-10-29,40.9531,2015-12-22,39.067,-4.6055
CAG,2015-04-08,20.7303,2015-08-31,23.1562,11.7024
CAG,2015-10-30,22.6853,2016-01-27,22.1213,-2.4863
CAH,2015-06-18,67.1948,2015-07-09,63.4578,-5.5614
CAH,2015-11-06,66.332,2016-01-14,59.2459,-10.6827
CAT,2015-04-24,65.1479,2015-07-02,65.0171,-0.2007
CAT,2015-11-04,59.1372,2015-12-10,51.7902,-12.4237
CB,2015-03-03,92.8096,2015-04-02,90.9771,-1.9745
CB,2015-04-10,91.6658,2015-09-08,83.7498,-8.6358
CB,2015-10-19,90.3105,2016-01-20,91.9028,1.7632
CBOE,2015-05-29,51.0216,2015-12-23,57.8306,13.3452
CBRE,2015-02-23,34.81,2015-06-10,36.68,5.372
CBRE,2015-07-28,37.52,2015-08-25,33.35,-11.1141
CBRE,2015-10-27,34.36,2015-12-28,34.49,0.3784
CCI,2015-01-15,53.1177,2015-03-26,55.1978,3.916
CCI,2015-04-30,55.1454,2015-09-16,51.8582,-5.961
CCI,2015-10-23,58.3446,2016-01-21,53.0068,-9.1489
CCL,2015-03-20,40.1375,2015-05-08,39.1076,-2.5658
CCL,2015-06-03,40.9671,2015-09-02,42.2163,3.0492
CCL,2015-10-05,43.5263,2015-12-09,43.7617,0.5407
CCL,2015-12-31,47.9511,2016-01-29,40.9688,-14.5613
CDNS,2015-03-12,17.81,2015-07-20,19.59,9.9944
CDNS,2015-08-05,21.05,2015-09-16,21.19,0.6651
CDNS,2015-09-24,21.06,2015-12-16,21.57,2.4217
CDW,2015-08-12,34.9651,2015-12-21,38.4103,9.8532
CF,2015-05-12,45.9013,2015-07-24,46.5629,1.4412
CFG,2015-02-20,17.2923,2015-04-09,17.2234,-0.3984
CFG,2015-04-27,17.7056,2015-07-24,18.3133,3.432
CFG,2015-11-10,18.0343,2016-01-13,16.7864,-6.9192
CHD,2015-06-11,36.6194,2015-06-29,36.1551,-1.268
CHD,2015-07-24,37.1407,2015-09-16,37.0387,-0.2748
CHD,2015-10-21,38.8809,2015-11-16,36.4338,-6.2938
CHD,2015-12-15,37.33,2016-01-07,35.8511,-3.9617
CHRW,2015-03-11,56.0075,2015-04-17,53.4412,-4.582
CHRW,2015-07-29,54.7743,2015-11-18,53.3915,-2.5245
CHTR,2015-02-19,175.18,2015-05-08,186.26,6.3249
CHTR,2015-07-22,184.75,2015-09-09,188.99,2.295
CHTR,2015-09-23,193.22,2015-10-22,176.99,-8.3997
CHTR,2015-10-28,180.84,2015-12-14,178.7,-1.1834
CI,2015-12-14,129.9543,2016-01-29,120.2576,-7.4616
CINF,2015-07-02,39.7975,2015-09-10,39.7597,-0.0948
CINF,2015-10-12,42.771,2016-01-06,44.1681,3.2664
CL,2015-02-20,54.8899,2015-03-31,53.8959,-1.8109
CL,2015-07-29,54.0194,2015-08-28,49.872,-7.6777
CL,2015-10-19,53.0459,2015-12-07,52.8467,-0.3755
CLX,2015-07-21,84.6134,2015-09-15,84.0866,-0.6226
CLX,2015-10-07,90.6065,2016-02-01,99.8221,10.171
CMCSA,2015-02-18,23.1243,2015-04-14,23.2163,0.3976
CMCSA,2015-04-28,23.3309,2015-05-14,22.4292,-3.8651
CMCSA,2015-06-17,23.2835,2015-08-19,23.772,2.0982
CMCSA,2015-10-13,23.9853,2015-12-11,23.4709,-2.145
CME,2015-05-29,62.5889,2015-08-27,61.9533,-1.0156
CME,2015-11-06,65.035,2015-12-31,63.4456,-2.4439
CMG,2015-07-17,13.1664,2015-09-22,14.4998,10.1273
CMI,2015-03-16,105.5828,2015-03-25,104.7773,-0.7629
CMI,2015-05-14,107.6455,2015-06-18,103.3527,-3.9879
CMS,2015-04-24,25.5563,2015-05-11,25.0666,-1.916
CMS,2015-07-24,24.2654,2015-09-15,24.527,1.0779
CMS,2015-10-07,26.7343,2015-11-30,26.5502,-0.6886
CMS,2015-12-31,27.5835,2016-05-03,31.2839,13.415
CNC,2015-06-03,37.04,2015-07-27,34.64,-6.4795
CNC,2015-11-10,30.5,2015-12-10,28.73,-5.8033
CNC,2015-12-23,32.88,2016-02-08,27.89,-15.1764
CNP,2015-05-04,14.7056,2015-05-15,14.3383,-2.4971
CNP,2015-08-19,14.2093,2015-09-10,12.6981,-10.6351
CNP,2015-10-26,13.3713,2015-11-19,12.4665,-6.7666
COF,2015-03-06,65.8495,2015-08-03,67.7585,2.899
COF,2015-10-29,67.6064,2015-12-21,61.3577,-9.2427
COO,2015-02-19,41.1154,2015-05-08,44.6284,8.5442
COO,2015-11-12,37.0749,2015-12-07,32.3859,-12.6473
COP,2015-02-18,49.033,2015-03-18,44.3553,-9.5399
COP,2015-04-21,49.4511,2015-06-01,46.9867,-4.9836
COP,2015-10-07,41.3239,2015-12-09,36.2001,-12.3992
COR,2015-11-23,86.047,2016-01-21,79.0068,-8.1818
COST,2015-07-27,121.3485,2015-09-04,116.6562,-3.8668
COST,2015-10-06,124.5145,2016-01-12,131.2066,5.3746
CPAY,2015-02-19,152.77,2015-05-28,153.75,0.6415
CPAY,2015-06-24,161.9,2015-07-23,153.91,-4.9351
CPAY,2015-08-21,154.82,2015-09-04,147.94,-4.4439
CPAY,2015-11-17,148.94,2015-12-22,142.1,-4.5925
CPB,2015-01-14,32.6862,2015-03-17,32.5344,-0.4644
CPB,2015-04-23,33.4032,2015-09-14,36.2462,8.5113
CPB,2015-09-24,37.5062,2015-11-13,35.2887,-5.9125
CPB,2015-12-08,38.8485,2016-05-02,45.9721,18.337
CPRT,2015-02-11,4.72,2015-03-31,4.6725,-1.0063
CPRT,2015-04-27,4.655,2015-08-26,4.2638,-8.4049
CPRT,2015-10-28,4.4675,2016-01-14,4.3263,-3.1617
CPT,2015-01-09,51.1778,2015-02-25,48.8748,-4.4999
CPT,2015-03-31,52.8299,2015-05-11,50.721,-3.9919
CPT,2015-07-07,52.1634,2015-09-02,48.5023,-7.0185
CPT,2015-10-16,53.0354,2015-12-03,52.3302,-1.3295
CPT,2015-12-31,53.6266,2016-01-22,49.2729,-8.1185
CRL,2015-01-12,68.07,2015-04-29,75.33,10.6655
CRL,2015-06-30,71.06,2015-08-31,70.37,-0.971
CRL,2015-11-10,72.84,2016-01-29,72.77,-0.0961
CRM,2015-02-13,60.718,2015-07-08,69.4217,14.3347
CRM,2015-08-06,72.1478,2015-08-21,68.4006,-5.1938
CRM,2015-10-05,73.4464,2016-01-05,76.4005,4.0221
CSCO,2015-02-17,21.1266,2015-04-01,19.8696,-5.9501
CSCO,2015-05-05,21.2228,2015-06-22,21.1719,-0.24
CSCO,2015-08-10,20.8805,2015-08-26,18.5344,-11.236
CSCO,2015-10-19,20.7828,2015-12-03,20.4207,-1.7426
CSGP,2015-07-27,21.281,2015-08-14,19.54,-8.181
CSGP,2015-10-23,18.893,2016-01-08,18.443,-2.3818
CSX,2015-02-26,10.0308,2015-03-19,9.9228,-1.0768
CSX,2015-04-30,10.4173,2015-06-10,9.6772,-7.1045
CSX,2015-10-27,7.9457,2015-11-09,7.7703,-2.2086
CSX,2015-11-25,8.3485,2015-12-11,7.3208,-12.3093
CTAS,2015-05-20,19.3345,2015-07-22,19.2448,-0.4643
CTAS,2015-08-07,19.4669,2015-09-10,19.0563,-2.1095
CTAS,2015-10-02,18.9082,2015-12-23,20.8072,10.0437
CTRA,2015-03-17,21.3191,2015-06-24,24.0792,12.9467
CTSH,2015-05-27,57.1697,2015-07-07,53.619,-6.2109
CTSH,2015-08-11,60.8725,2015-09-16,56.2753,-7.5522
CTSH,2015-10-21,58.5918,2015-12-07,55.9623,-4.4879
CVS,2015-06-04,75.1989,2015-08-28,78.5601,4.4698
CVS,2015-10-28,78.6248,2015-11-17,70.1205,-10.8162
CVX,2015-02-18,71.6329,2015-03-16,65.3163,-8.818
CVX,2015-04-20,70.5511,2015-05-29,67.0727,-4.9304
CVX,2015-10-12,59.1729,2015-12-16,61.7086,4.2853
CZR,2015-01-14,4.171,2015-10-12,9.22,121.0501
CZR,2015-11-03,10.0,2016-02-10,9.25,-7.5
D,2015-04-24,47.1847,2015-05-27,46.2017,-2.0833
D,2015-07-29,45.6542,2015-09-17,45.1846,-1.0286
D,2015-10-21,48.632,2015-11-19,45.1977,-7.0617
DAL,2015-05-07,39.0424,2015-06-09,35.3648,-9.4195
DAL,2015-07-28,38.7425,2015-09-21,41.3676,6.7758
DAL,2015-09-22,41.4826,2015-12-09,44.3597,6.9355
DAL,2015-12-24,45.8584,2016-01-19,40.6172,-11.4291
DD,2015-02-13,54.4889,2015-04-02,53.3566,-2.0779
DD,2015-04-20,55.9231,2015-07-22,56.5825,1.1792
DD,2015-10-12,53.5443,2016-01-06,56.3798,5.2956
DE,2015-02-17,74.5363,2015-04-02,72.9464,-2.1331
DE,2015-05-07,74.8478,2015-08-18,78.7866,5.2624
DE,2015-12-15,67.1395,2016-01-11,62.9966,-6.1706
DECK,2015-04-14,12.4883,2015-05-29,11.9417,-4.3774
DECK,2015-06-26,12.34,2015-07-22,11.7767,-4.5651
DG,2015-02-27,63.0592,2015-05-20,65.0159,3.103
DG,2015-06-17,68.5971,2015-08-26,66.3619,-3.2585
DG,2015-12-16,62.6417,2016-05-16,72.7108,16.0741
DGX,2015-06-11,60.1762,2015-06-26,59.2339,-1.5659
DGX,2015-08-06,60.7167,2015-08-27,55.6699,-8.312
DGX,2015-11-05,56.788,2016-01-27,54.4374,-4.1392
DHI,2015-02-12,24.0634,2015-05-07,22.5092,-6.4588
DHI,2015-06-24,25.3678,2015-10-15,26.3649,3.9308
DHI,2015-11-02,26.4098,2016-01-11,24.7563,-6.261
DHR,2015-02-19,35.6504,2015-04-06,34.377,-3.5718
DHR,2015-05-29,35.7393,2015-09-08,35.7916,0.1462
DHR,2015-10-23,38.7929,2015-12-29,38.7497,-0.1114
DIS,2015-10-19,99.8133,2015-12-22,99.2838,-0.5304
DLR,2015-01-20,49.2353,2015-03-02,45.6247,-7.3333
DLR,2015-04-28,45.8059,2015-08-07,45.4843,-0.7021
DLR,2015-10-07,47.6906,2015-12-17,52.1573,9.366
DLR,2015-12-18,52.9312,2016-08-12,74.666,41.0624
DLTR,2015-06-26,80.77,2015-08-11,77.67,-3.8381
DLTR,2015-11-23,68.92,2016-02-11,73.12,6.094
DOC,2015-04-15,22.5406,2015-05-07,20.7546,-7.9235
DOC,2015-08-03,20.6689,2015-09-15,19.8346,-4.0365
DOC,2015-10-13,21.199,2015-11-11,18.4049,-13.1804
DOC,2015-12-24,20.8401,2016-02-03,19.9455,-4.2925
DOV,2015-02-18,49.5291,2015-03-26,46.3121,-6.4952
DOV,2015-04-29,50.5101,2015-06-23,48.903,-3.1817
DOV,2015-10-27,42.811,2015-12-24,42.4559,-0.8295
DPZ,2015-04-29,99.4476,2015-08-13,100.4675,1.0255
DPZ,2015-12-09,98.7951,2016-05-06,107.9574,9.274
DRI,2015-06-16,45.3622,2015-08-28,46.0931,1.6112
DRI,2015-12-17,44.9215,2016-02-17,45.4587,1.196
DTE,2015-04-21,49.7024,2015-05-15,47.3857,-4.6611
DTE,2015-07-24,46.7267,2015-09-15,46.4336,-0.6271
DTE,2015-10-12,50.1345,2015-11-27,49.2286,-1.807
DUK,2015-04-27,51.9074,2015-05-27,50.0817,-3.5173
DUK,2015-07-31,48.8955,2015-09-10,45.4396,-7.0679
DUK,2015-10-20,48.9642,2015-11-18,44.6086,-8.8955
DUK,2015-12-31,48.6553,2016-05-16,54.9218,12.8793
DVA,2015-01-21,74.87,2015-02-02,75.07,0.2671
DVA,2015-02-04,75.22,2015-02-25,73.11,-2.8051
DVA,2015-03-13,79.8,2015-06-25,80.57,0.9649
DVA,2015-10-30,77.75,2015-12-02,73.43,-5.5563
DVN,2015-02-04,43.2947,2015-03-18,39.6386,-8.4445
DVN,2015-04-17,45.8131,2015-06-10,43.6787,-4.6589
DVN,2015-10-20,31.6659,2015-12-10,24.5629,-22.4309
DXCM,2015-04-09,16.0675,2015-10-09,19.61,22.0476
DXCM,2015-11-30,22.1475,2015-12-28,20.265,-8.4998
EA,2015-10-23,73.0709,2015-12-03,67.7513,-7.28
EBAY,2015-02-27,22.1261,2015-04-17,21.24,-4.0047
EBAY,2015-05-15,22.6804,2015-09-04,23.8041,4.9548
EBAY,2015-11-03,25.4526,2015-12-31,24.7538,-2.7455
ECL,2015-02-12,98.0357,2015-05-08,100.5291,2.5433
ECL,2015-06-04,103.2538,2015-06-17,103.0295,-0.2172
ECL,2015-06-22,105.3051,2015-07-14,101.7842,-3.3436
ECL,2015-08-17,104.0598,2015-08-28,98.0841,-5.7426
ECL,2015-10-09,106.9326,2015-12-09,104.9917,-1.8151
ED,2015-05-06,41.8448,2015-06-10,40.9506,-2.1369
ED,2015-07-23,43.133,2015-09-21,45.7571,6.0839
ED,2015-10-01,46.9712,2015-11-17,44.4695,-5.3261
EFX,2015-08-03,92.9858,2015-09-10,89.7249,-3.5069
EFX,2015-10-15,95.4848,2016-01-19,94.9776,-0.5313
EG,2015-02-05,141.98,2015-04-02,138.23,-2.6412
EG,2015-04-21,144.9016,2015-08-18,148.9974,2.8266
EG,2015-10-26,144.8837,2016-01-12,143.9236,-0.6627
EIX,2015-07-30,39.5227,2015-09-16,39.7847,0.6628
EIX,2015-10-01,42.6568,2015-11-18,39.8843,-6.4997
EL,2015-02-17,71.7358,2015-07-13,77.7544,8.39
EL,2015-07-27,77.5958,2015-08-24,66.6542,-14.1008
EL,2015-10-19,74.9356,2016-01-26,74.8356,-0.1334
ELV,2015-01-14,111.3354,2015-07-21,136.3775,22.4925
ELV,2015-12-30,124.8687,2016-02-03,112.3263,-10.0444
EMN,2015-02-26,54.9061,2015-03-24,50.5484,-7.9365
EMN,2015-04-27,55.045,2015-07-28,54.1181,-1.6841
EMN,2015-10-29,53.882,2015-12-18,49.2139,-8.6635
EMR,2015-04-27,43.6916,2015-06-26,43.129,-1.2876
EMR,2015-10-29,36.3253,2015-12-23,36.5772,0.6934
ENPH,2015-02-17,15.0,2015-03-31,13.1,-12.6667
ENPH,2015-04-29,13.11,2015-11-05,2.4,-81.6934
ENPH,2015-12-30,3.54,2016-02-03,2.22,-37.2881
EOG,2015-02-09,71.478,2015-03-17,64.271,-10.0828
EOG,2015-04-15,71.7236,2015-05-28,65.6379,-8.4849
EOG,2015-09-25,55.0056,2015-12-08,55.6053,1.0903
EPAM,2015-02-13,56.33,2015-08-14,68.59,21.7646
EPAM,2015-09-23,72.63,2015-11-19,74.88,3.0979
EPAM,2015-12-10,81.94,2016-01-15,71.19,-13.1194
EQIX,2015-02-27,178.1458,2015-07-02,202.9553,13.9265
EQIX,2015-07-29,221.0449,2016-02-11,221.3562,0.1409
EQR,2015-04-02,46.3357,2015-04-21,45.0532,-2.7678
EQR,2015-07-16,45.0662,2015-09-04,41.9584,-6.8961
EQR,2015-10-09,46.7338,2016-02-01,46.4734,-0.5572
EQT,2015-02-19,39.3812,2015-06-12,42.6245,8.2356
ERIE,2015-02-06,71.1574,2015-03-17,68.7445,-3.391
ERIE,2015-07-02,67.0301,2015-09-09,64.8491,-3.2538
ERIE,2015-10-19,68.3073,2016-01-26,74.8366,9.5587
ES,2015-07-30,34.3344,2015-09-15,33.3687,-2.8127
ES,2015-10-09,36.7163,2015-12-02,36.4428,-0.7451
ESS,2015-07-22,162.4197,2015-09-08,152.5034,-6.1053
ESS,2015-10-09,167.5529,2015-11-19,163.5265,-2.4031
ESS,2015-12-10,168.3129,2016-01-29,155.8662,-7.3949
ETN,2015-02-17,55.9965,2015-03-30,52.2541,-6.6833
ETN,2015-04-30,53.7791,2015-06-29,53.2603,-0.9648
ETN,2015-11-06,45.414,2015-12-22,40.8486,-10.0529
ETR,2015-04-27,26.2399,2015-05-18,24.9291,-4.9957
ETR,2015-10-19,23.505,2015-12-03,22.258,-5.3054
ETR,2015-12-31,23.6763,2016-05-02,26.1144,10.2978
EVRG,2015-04-27,26.9186,2015-05-05,26.1712,-2.7764
EVRG,2015-07-21,25.1063,2015-09-16,25.6008,1.9693
EVRG,2015-10-07,26.9779,2016-08-08,38.9828,44.499
EW,2015-02-19,22.3867,2015-05-01,21.1867,-5.3603
EW,2015-06-22,24.53,2015-08-25,23.0133,-6.1829
EW,2015-10-12,24.7283,2016-01-12,25.4967,3.1071
EXC,2015-04-24,16.3949,2015-06-26,16.0374,-2.1804
EXC,2015-08-26,15.7395,2015-09-09,15.3155,-2.694
EXPD,2015-02-13,39.5923,2015-04-22,41.0328,3.6384
EXPD,2015-06-01,40.4259,2015-07-10,39.6429,-1.9369
EXPD,2015-08-17,43.0125,2015-10-02,41.5256,-3.4567
EXPD,2015-10-22,44.5433,2015-12-03,41.823,-6.107
EXPE,2015-02-24,89.3782,2015-07-30,102.2957,14.4527
EXPE,2015-08-03,115.682,2015-12-07,120.4469,4.119
EXR,2015-03-23,47.8499,2015-06-26,45.4311,-5.0549
EXR,2015-07-24,49.1251,2015-09-21,52.8635,7.6101
EXR,2015-09-24,53.2346,2016-02-10,56.0392,5.2685
F,2015-01-15,8.6062,2015-04-16,9.223,7.1672
F,2015-08-20,8.6252,2015-12-01,8.482,-1.6606
FANG,2015-01-23,52.9817,2015-06-01,61.5767,16.2226
FANG,2015-10-09,60.0318,2015-12-21,51.8602,-13.612
FAST,2015-05-04,7.0428,2015-07-20,6.8931,-2.1247
FAST,2015-10-30,6.5675,2016-01-19,6.3912,-2.6854
FCX,2015-03-10,17.0796,2015-03-25,17.1602,0.472
FCX,2015-04-29,20.1708,2015-06-10,18.4465,-8.5485
FCX,2015-10-05,9.5577,2015-11-17,8.1382,-14.8512
FDS,2015-08-06,154.3287,2015-09-04,141.7063,-8.1789
FDS,2015-10-23,157.9563,2015-12-17,147.1191,-6.8609
FDX,2015-02-24,153.2544,2015-03-23,148.4731,-3.1199
FDX,2015-05-15,150.2322,2015-07-10,146.8026,-2.2829
FDX,2015-10-27,134.5075,2015-12-16,126.4098,-6.0203
FE,2015-04-27,23.6975,2015-06-08,22.5406,-4.8819
FE,2015-08-12,22.6578,2015-09-09,20.8327,-8.0551
FE,2015-10-28,20.7066,2015-11-13,20.2779,-2.0704
FE,2015-12-09,21.2515,2016-05-02,22.1853,4.3942
FFIV,2015-04-28,123.37,2015-07-02,120.65,-2.2048
FFIV,2015-08-07,129.93,2015-09-11,119.24,-8.2275
FFIV,2015-10-29,108.02,2016-05-04,100.23,-7.2116
FI,2015-05-13,40.11,2015-09-10,42.435,5.7966
FI,2015-10-06,44.5,2015-12-21,46.055,3.4944
FICO,2015-06-29,92.9979,2015-08-18,90.4912,-2.6954
FICO,2015-10-19,88.7945,2016-01-22,81.9192,-7.743
FIS,2015-07-20,54.2573,2015-11-17,55.7587,2.7673
FITB,2015-03-03,13.578,2015-04-20,13.4036,-1.2845
FITB,2015-04-27,13.7627,2015-08-21,14.3,3.9045
FITB,2015-11-10,14.5327,2016-01-07,13.5851,-6.5206
FRT,2015-03-31,102.2537,2015-04-29,94.7932,-7.296
FRT,2015-07-22,93.869,2015-09-02,88.1662,-6.0754
FRT,2015-10-06,97.2612,2016-05-26,107.5297,10.5577
FSLR,2015-02-12,49.27,2015-05-12,56.19,14.0451
FSLR,2015-08-20,49.37,2015-09-22,44.28,-10.3099
FSLR,2015-09-23,44.62,2016-04-14,61.58,38.0099
GD,2015-02-26,111.2983,2015-03-16,105.5349,-5.1783
GD,2015-05-07,109.7156,2015-09-09,116.7307,6.3939
GD,2015-10-28,121.5688,2015-12-10,112.9711,-7.0723
GDDY,2015-04-30,24.9,2015-07-22,26.45,6.2249
GDDY,2015-10-16,27.41,2016-01-19,29.43,7.3696
GE,2015-02-25,105.3828,2015-07-08,108.9519,3.3867
GE,2015-10-07,115.8678,2016-01-19,121.9132,5.2175
GEN,2015-02-18,9.8505,2015-06-12,9.0766,-7.8558
GEN,2015-10-23,8.0747,2015-11-24,7.7187,-4.4083
GEN,2015-12-30,8.2681,2016-01-29,7.6681,-7.2573
GILD,2015-01-30,73.4688,2015-03-23,70.2648,-4.3612
GILD,2015-04-30,71.9337,2015-07-30,82.0604,14.0779
GILD,2015-08-07,81.4739,2015-12-15,72.4993,-11.0153
GIS,2015-04-06,40.0462,2015-06-11,38.6864,-3.3957
GIS,2015-07-09,40.5802,2015-09-09,40.6296,0.1219
GIS,2015-10-27,41.3379,2016-01-14,39.7366,-3.8735
GL,2015-02-27,48.8924,2015-09-08,53.171,8.7511
GL,2015-10-29,53.7679,2015-12-28,52.4596,-2.4332
GLW,2015-10-28,13.9999,2015-12-29,14.144,1.0295
GM,2015-06-18,28.3402,2015-07-06,25.9542,-8.4193
GM,2015-10-06,25.4417,2015-12-29,28.0131,10.1071
GNRC,2015-02-17,50.0,2015-04-16,49.22,-1.56
GNRC,2015-11-13,28.72,2016-01-04,29.28,1.9499
GOOG,2015-02-11,26.534,2015-04-16,26.2663,-1.0088
GOOG,2015-07-17,32.2583,2015-09-17,31.7011,-1.7273
GOOG,2015-10-16,33.0093,2016-01-15,34.41,4.2433
GOOGL,2015-02-12,26.8221,2015-04-20,26.5284,-1.0951
GOOGL,2015-06-11,27.5592,2015-07-02,27.0746,-1.7584
GOOGL,2015-07-08,27.1174,2015-09-17,33.1755,22.3405
GOOGL,2015-10-19,34.4931,2016-01-14,36.0061,4.3862
GPC,2015-06-01,67.4617,2015-06-10,68.0966,0.9412
GPC,2015-10-22,65.6909,2015-12-23,64.8231,-1.321
GPN,2015-01-23,42.115,2015-07-28,49.5802,17.7257
GPN,2015-07-29,52.6826,2015-12-29,63.0136,19.6099
GRMN,2015-02-17,40.4961,2015-02-27,36.02,-11.0532
GRMN,2015-11-18,26.9015,2016-01-08,26.8559,-0.1695
GS,2015-03-02,154.8911,2015-07-28,169.3907,9.3611
GS,2015-10-30,155.7129,2015-12-16,151.5116,-2.6981
GWW,2015-04-22,205.886,2015-06-17,202.2056,-1.7876
HAL,2015-02-09,35.8585,2015-04-01,36.5207,1.8467
HAL,2015-04-08,36.8175,2015-06-04,37.3863,1.5448
HAL,2015-10-23,32.6958,2015-12-10,31.758,-2.8683
HAS,2015-02-13,44.5226,2015-08-31,54.4368,22.2679
HAS,2015-11-02,56.3636,2015-12-09,50.507,-10.3907
HBAN,2015-02-18,7.0519,2015-05-12,7.3292,3.9315
HBAN,2015-05-27,7.3956,2015-08-27,7.134,-3.5371
HBAN,2015-10-27,7.3213,2015-12-29,7.5086,2.5585
HCA,2015-03-13,67.5578,2015-08-27,81.5842,20.7621
HD,2015-06-24,89.237,2015-09-18,92.5265,3.6863
HD,2015-10-09,96.3066,2016-01-19,96.1506,-0.162
HIG,2015-03-03,32.7912,2015-05-07,32.8887,0.2974
HIG,2015-06-17,33.9915,2015-09-15,37.1162,9.1927
HIG,2015-10-22,39.4405,2015-11-24,36.8894,-6.4682
HII,2015-08-13,97.219,2015-09-03,95.0974,-2.1822
HII,2015-11-04,101.4982,2016-01-08,106.5936,5.0202
HLT,2015-10-28,50.7241,2015-12-03,46.4399,-8.4463
HOLX,2015-09-25,41.23,2015-12-24,38.84,-5.7967
HON,2015-05-21,82.3528,2015-07-09,79.2843,-3.726
HON,2015-08-05,81.7483,2015-08-28,77.4923,-5.2063
HON,2015-10-27,79.875,2016-01-04,79.5874,-0.3601
HPE,2015-12-28,6.6414,2016-01-19,5.6557,-14.8421
HPQ,2015-05-07,10.5865,2015-06-22,10.4827,-0.9806
HPQ,2015-10-22,9.3605,2015-12-11,8.9129,-4.7811
HRL,2015-02-06,21.1367,2015-04-29,21.6421,2.3909
HRL,2015-06-02,22.4371,2016-04-15,31.387,39.8892
HSIC,2015-04-17,54.5882,2015-05-12,53.7255,-1.5805
HSIC,2015-06-02,55.6941,2015-08-25,53.4157,-4.091
HSIC,2015-10-22,57.5412,2016-01-12,57.8431,0.5248
HST,2015-07-08,14.07,2015-08-12,12.7725,-9.2219
HST,2015-10-29,11.5358,2015-12-02,11.5016,-0.2966
HSY,2015-07-31,73.5322,2015-09-02,69.9034,-4.9349
HSY,2015-09-24,72.5095,2015-11-10,67.7184,-6.6075
HSY,2015-12-29,72.5566,2016-01-26,67.3083,-7.2334
HUBB,2015-02-06,88.5375,2015-03-30,87.862,-0.763
HUBB,2015-05-19,89.3819,2015-07-13,86.4148,-3.3196
HUBB,2015-11-04,78.3055,2016-01-21,70.8811,-9.4813
HUM,2015-06-03,198.3543,2015-07-17,172.6046,-12.9817
HUM,2015-09-24,173.7529,2015-10-12,167.8353,-3.4058
HUM,2015-12-30,166.7987,2016-01-27,153.6243,-7.8984
IBM,2015-02-23,101.3673,2015-06-22,104.2613,2.855
IBM,2015-10-27,89.9896,2015-11-04,89.3876,-0.669
ICE,2015-02-19,40.9169,2015-04-17,40.0517,-2.1146
ICE,2015-05-20,41.8852,2015-07-06,39.6447,-5.3493
ICE,2015-08-11,42.0278,2015-09-17,41.3159,-1.6938
ICE,2015-10-21,42.7355,2015-12-24,44.3656,3.8145
IDXX,2015-08-04,74.31,2015-10-14,72.99,-1.7763
IDXX,2015-12-30,74.33,2016-01-26,66.04,-11.153
IEX,2015-02-24,67.8118,2015-04-02,65.5343,-3.3586
IEX,2015-05-01,65.9049,2015-07-22,66.8707,1.4655
IEX,2015-10-13,66.6596,2015-12-30,68.5406,2.8218
IFF,2015-08-05,92.1367,2015-09-04,84.7384,-8.0297
IFF,2015-10-23,90.7491,2016-01-25,87.4677,-3.6159
INCY,2015-09-03,124.78,2015-10-15,105.36,-15.5634
INCY,2015-11-24,112.13,2015-12-04,107.37,-4.2451
INCY,2015-12-14,107.25,2015-12-24,110.26,2.8065
INTC,2015-05-04,25.7088,2015-06-22,25.1086,-2.3346
INTC,2015-09-23,22.7745,2016-01-14,25.2663,10.9415
INTU,2015-02-26,89.5878,2015-07-10,96.8764,8.1357
INTU,2015-07-27,97.9658,2015-08-25,80.0564,-18.2812
INTU,2015-10-22,87.4629,2015-12-30,91.7977,4.9561
IP,2015-02-06,33.3758,2015-03-31,33.7834,1.2213
IP,2015-10-29,27.3902,2015-12-08,24.7761,-9.5439
IPG,2015-02-05,14.0062,2015-04-21,14.3409,2.3901
IPG,2015-08-03,14.6516,2015-09-03,13.0908,-10.6529
IPG,2015-10-14,14.4808,2016-01-11,15.4112,6.4253
IQV,2015-06-03,70.14,2015-09-02,72.43,3.2649
IQV,2015-12-15,68.5,2016-01-19,63.99,-6.5839
IRM,2015-10-01,17.7583,2015-11-18,16.3694,-7.8211
ISRG,2015-04-10,57.01,2015-05-15,56.0956,-1.604
ISRG,2015-07-27,59.9167,2015-09-11,56.7122,-5.3482
ISRG,2015-11-11,55.9344,2016-02-18,60.0956,7.4393
IT,2015-04-09,84.16,2015-07-20,87.34,3.7785
IT,2015-08-06,91.99,2015-09-10,85.3,-7.2725
IT,2015-10-30,91.35,2016-01-12,86.4,-5.4187
ITW,2015-02-12,76.0143,2015-04-16,77.5785,2.0578
ITW,2015-10-22,68.436,2016-01-08,68.2311,-0.2993
IVZ,2015-02-24,25.0496,2015-04-22,25.3907,1.3619
IVZ,2015-05-01,26.3763,2015-06-10,24.9556,-5.3862
IVZ,2015-11-02,21.3437,2015-12-22,20.5278,-3.8223
J,2015-02-26,34.3886,2015-05-15,34.0349,-1.0286
J,2015-08-14,33.7042,2015-09-09,31.1205,-7.666
J,2015-10-27,30.1746,2016-01-08,30.4514,0.9174
JBHT,2015-02-20,75.3549,2015-05-22,78.4962,4.1687
JBHT,2015-10-29,69.0923,2015-12-21,64.7529,-6.2806
JBL,2015-02-17,20.329,2015-06-26,20.2335,-0.4698
JBL,2015-09-25,19.6801,2016-01-05,21.3361,8.4146
JCI,2015-03-10,30.6948,2015-04-29,29.3048,-4.5283
JCI,2015-10-28,26.8219,2015-12-07,25.1034,-6.4071
JKHY,2015-07-08,57.9607,2015-09-14,61.628,6.3271
JKHY,2015-10-05,63.6223,2016-01-07,68.398,7.5064
JNJ,2015-03-24,77.2885,2015-04-02,74.7405,-3.2967
JNJ,2015-04-10,76.161,2015-04-22,75.6349,-0.6908
JNJ,2015-05-18,76.9427,2015-06-18,74.8464,-2.7245
JNJ,2015-08-03,75.7095,2015-08-24,69.4837,-8.2232
JNJ,2015-10-22,74.6485,2016-01-15,74.0613,-0.7865
JPM,2015-03-03,46.317,2015-08-24,45.1331,-2.5561
JPM,2015-10-29,50.0361,2016-01-04,49.3606,-1.35
K,2015-04-13,43.817,2015-05-12,42.3109,-3.4373
K,2015-07-10,42.8092,2015-11-23,45.5991,6.517
K,2015-12-16,48.7459,2016-05-18,51.6671,5.9927
KDP,2015-04-10,10.0843,2015-05-05,9.6602,-4.2051
KDP,2015-07-16,10.1039,2015-09-11,9.7579,-3.4242
KDP,2015-10-12,10.795,2016-02-05,11.7159,8.5308
KEY,2015-02-18,9.3854,2015-07-28,9.9059,5.5458
KEY,2015-12-07,9.0742,2016-01-07,8.4299,-7.1001
KEYS,2015-09-03,31.93,2015-10-22,31.7,-0.7203
KEYS,2015-10-27,31.72,2015-11-13,30.25,-4.6343
KHC,2015-08-04,52.6864,2015-08-26,46.8992,-10.9843
KHC,2015-10-23,51.7579,2015-11-25,49.0758,-5.182
KIM,2015-04-10,15.8277,2015-04-22,15.4974,-2.0866
KIM,2015-07-24,14.8853,2015-09-09,14.1065,-5.2326
KIM,2015-10-09,16.0506,2015-12-10,15.957,-0.5834
KKR,2015-05-07,18.0911,2015-08-24,14.4329,-20.2213
KKR,2015-11-19,14.5144,2015-12-07,13.4113,-7.6
KLAC,2015-06-01,49.6064,2015-06-12,46.2866,-6.6922
KLAC,2015-10-08,44.0158,2016-01-22,55.1692,25.3395
KMB,2015-04-27,79.3684,2015-06-16,75.9453,-4.3129
KMB,2015-07-16,79.9824,2015-09-04,75.2432,-5.9252
KMB,2015-10-14,83.1047,2016-05-03,91.3907,9.9705
KMI,2015-04-09,24.5437,2015-06-03,24.3584,-0.7551
KMI,2015-10-28,16.3998,2016-04-27,11.1299,-32.1338
KMX,2015-04-06,74.16,2015-06-30,66.82,-9.8975
KMX,2015-12-16,58.75,2015-12-28,53.0,-9.7872
KO,2015-05-13,29.4682,2015-06-16,28.8947,-1.9461
KO,2015-07-28,29.6384,2015-09-02,28.4573,-3.9853
KO,2015-10-12,30.763,2016-01-22,30.8581,0.3092
KR,2015-06-11,29.4622,2015-08-27,29.3474,-0.3894
KR,2015-10-08,30.8795,2016-01-28,31.0082,0.4167
L,2015-02-23,40.1562,2015-03-30,38.3724,-4.4421
L,2015-04-17,39.8841,2015-05-27,38.0872,-4.5053
L,2015-10-29,35.009,2016-01-11,34.4749,-1.5255
LDOS,2015-02-18,26.9003,2015-04-07,25.6952,-4.4796
LDOS,2015-06-04,26.325,2015-07-02,25.0434,-4.8684
LDOS,2015-08-13,27.5256,2016-01-13,34.8187,26.496
LEN,2015-02-04,39.2264,2015-04-30,39.8925,1.6981
LEN,2015-06-25,44.6241,2015-09-01,43.3731,-2.8034
LEN,2015-11-02,43.5031,2015-12-23,42.6423,-1.9788
LH,2015-07-01,100.3546,2015-09-02,96.1306,-4.2091
LH,2015-11-04,102.5739,2016-01-11,96.5101,-5.9117
LHX,2015-02-17,63.0637,2015-06-04,64.4147,2.1423
LHX,2015-07-16,67.6416,2015-09-03,61.9186,-8.4608
LHX,2015-10-28,62.2986,2016-02-05,65.5648,5.2429
LII,2015-05-26,100.9585,2015-07-08,96.25,-4.6638
LII,2015-07-31,104.7562,2015-10-02,100.1591,-4.3884
LII,2015-10-28,113.6087,2015-12-28,111.9252,-1.4818
LIN,2015-03-05,105.9716,2015-03-27,99.6424,-5.9725
LIN,2015-06-11,102.6438,2015-07-10,97.6357,-4.8791
LIN,2015-10-23,93.1413,2015-12-17,89.7538,-3.6369
LKQ,2015-04-24,23.5579,2015-09-01,26.9638,14.4578
LKQ,2015-11-17,27.0279,2015-12-21,25.0594,-7.2832
LLY,2015-03-19,60.7533,2015-05-19,60.8061,0.0868
LLY,2015-05-27,62.092,2015-08-17,69.9423,12.643
LLY,2015-10-01,70.2279,2015-10-21,65.7169,-6.4234
LLY,2015-12-02,72.9218,2016-01-21,69.794,-4.2893
LMT,2015-06-29,143.641,2015-09-21,157.6253,9.7356
LMT,2015-10-01,159.1371,2015-12-30,171.6687,7.8747
LNT,2015-04-28,22.242,2015-05-11,21.6689,-2.5766
LNT,2015-07-28,21.6941,2015-09-04,19.9725,-7.9358
LNT,2015-10-16,22.0567,2016-05-09,27.0649,22.7062
LOW,2015-08-14,59.3609,2015-09-21,56.9462,-4.0679
LOW,2015-10-12,60.943,2016-01-14,58.3865,-4.1949
LRCX,2015-02-19,7.019,2015-03-26,6.2027,-11.6297
LRCX,2015-05-14,6.6911,2015-07-21,6.6565,-0.5177
LRCX,2015-10-30,6.5838,2016-01-14,6.0812,-7.6338
LULU,2015-04-16,67.36,2015-05-20,62.87,-6.6657
LULU,2015-06-25,67.67,2015-07-27,60.79,-10.167
LULU,2015-09-08,66.33,2016-05-20,61.23,-7.6888
LUV,2015-08-05,34.0353,2015-12-28,39.4483,15.904
LVS,2015-02-18,44.4017,2015-03-19,40.4658,-8.8643
LVS,2015-04-15,41.4564,2015-05-08,39.3783,-5.0126
LVS,2015-06-30,38.6595,2015-08-25,36.2315,-6.2805
LVS,2015-10-28,36.6561,2015-12-04,33.2772,-9.218
LYB,2015-02-06,51.3501,2015-07-10,57.902,12.7593
LYB,2015-10-08,56.6953,2015-12-16,53.0012,-6.5157
LYV,2015-03-06,26.07,2015-07-16,27.28,4.6414
LYV,2015-10-22,25.79,2015-12-07,25.01,-3.0244
MA,2015-02-24,84.9342,2015-04-15,83.7744,-1.3654
MA,2015-05-05,85.6444,2015-09-01,84.7731,-1.0174
MA,2015-10-19,91.6595,2015-12-14,89.6511,-2.1912
MAA,2015-04-07,54.5693,2015-05-26,53.8488,-1.3202
MAA,2015-06-01,53.6598,2015-06-09,51.8321,-3.406
MAA,2015-07-21,55.2724,2015-09-17,56.4678,2.1628
MAA,2015-10-06,59.5731,2016-02-24,65.8461,10.53
MAR,2015-02-20,75.0419,2015-04-17,70.4679,-6.0953
MAR,2015-10-14,68.4535,2015-12-04,64.3844,-5.9443
MAS,2015-04-30,20.2252,2015-07-13,20.466,1.191
MAS,2015-08-04,22.9334,2015-10-07,23.1288,0.8519
MAS,2015-10-28,24.9447,2015-12-31,24.5971,-1.3932
MCD,2015-02-19,72.4488,2015-04-28,74.4472,2.7583
MCD,2015-05-18,75.7618,2015-06-18,74.6418,-1.4784
MCD,2015-07-16,77.3095,2015-09-08,75.7872,-1.969
MCD,2015-10-02,76.5899,2016-03-02,94.7398,23.6975
MCHP,2015-06-04,19.6358,2015-06-30,19.6358,0.0
MCHP,2015-09-24,17.0159,2015-12-11,18.7816,10.3768
MCK,2015-05-07,206.0197,2015-07-06,205.4429,-0.28
MCK,2015-12-07,176.6957,2016-01-19,154.3446,-12.6495
MCO,2015-02-24,87.1843,2015-08-25,92.6068,6.2195
MCO,2015-11-19,93.8827,2015-12-29,92.1189,-1.8788
MDLZ,2015-04-15,29.9765,2015-09-14,34.3202,14.4902
MDLZ,2015-10-20,37.5462,2015-12-02,35.7637,-4.7476
MDT,2015-06-11,59.2281,2015-09-02,55.1029,-6.9649
MDT,2015-10-26,57.6593,2016-01-19,58.5763,1.5904
MET,2015-03-05,32.5169,2015-04-16,32.0256,-1.5111
MET,2015-05-11,33.1856,2015-08-17,34.8086,4.8907
MET,2015-10-29,32.6941,2015-12-21,30.0966,-7.9451
META,2015-03-05,80.7868,2015-05-11,78.0518,-3.3854
META,2015-06-17,81.3139,2015-09-03,89.2703,9.7847
META,2015-10-06,93.5667,2016-01-05,102.3286,9.3644
MGM,2015-02-19,21.0909,2015-05-11,18.8335,-10.7031
MGM,2015-08-07,20.7415,2015-09-29,17.3223,-16.4845
MGM,2015-10-28,19.9386,2015-12-21,20.0047,0.3316
MHK,2015-05-26,187.22,2015-09-18,204.55,9.2565
MHK,2015-09-24,195.09,2016-06-28,181.51,-6.9609
MKC,2015-02-27,31.1136,2015-03-20,29.8974,-3.9088
MKC,2015-04-06,31.8105,2015-09-10,33.2872,4.6423
MKC,2015-10-06,34.0161,2016-01-25,34.3484,0.977
MKTX,2015-06-02,81.2013,2015-08-26,83.6026,2.9573
MKTX,2015-09-29,87.1071,2015-10-22,80.8155,-7.2228
MKTX,2015-10-30,94.5669,2016-01-27,96.6525,2.2055
MLM,2015-02-11,126.5377,2015-04-20,129.6142,2.4312
MLM,2015-05-08,141.0854,2015-07-01,131.8125,-6.5725
MLM,2015-07-24,147.2617,2015-10-07,148.7688,1.0234
MLM,2015-12-02,148.6394,2015-12-18,132.1662,-11.0827
MMC,2015-03-05,47.131,2015-04-23,47.2473,0.2468
MMC,2015-04-27,47.893,2015-07-14,48.5068,1.2815
MMC,2015-08-06,49.2909,2015-08-21,47.4444,-3.7462
MMC,2015-10-28,47.1977,2016-01-06,45.7729,-3.0189
MMM,2015-10-16,90.259,2015-12-23,90.8036,0.6033
MNST,2015-07-09,22.6267,2015-09-04,22.28,-1.5321
MNST,2015-10-29,23.3467,2016-01-12,24.465,4.7901
MO,2015-06-01,26.3861,2015-09-15,27.6895,4.9395
MO,2015-10-05,29.0296,2015-12-02,30.4222,4.7972
MOH,2015-02-12,58.99,2015-05-05,59.54,0.9324
MOH,2015-05-27,71.0,2015-10-07,64.81,-8.7183
MOS,2015-06-01,37.6226,2015-06-23,37.1099,-1.3627
MOS,2015-07-06,38.149,2015-07-28,34.9328,-8.4306
MPC,2015-02-11,36.5165,2015-04-09,35.7764,-2.0268
MPC,2015-05-07,36.6249,2015-08-24,32.6177,-10.9412
MPC,2015-10-23,35.0586,2015-12-29,38.5944,10.0854
MPWR,2015-02-19,45.7073,2015-04-27,45.3296,-0.8263
MPWR,2015-05-28,49.9446,2015-07-07,46.5789,-6.7388
MPWR,2015-09-28,46.0196,2016-01-06,54.3965,18.2029
MRK,2015-01-15,43.3535,2015-02-24,40.3846,-6.8482
MRK,2015-04-16,40.5165,2015-06-25,40.8527,0.8299
MRK,2015-08-10,40.8597,2015-08-26,37.4513,-8.3419
MRK,2015-11-03,38.9621,2015-12-24,37.6649,-3.3293
MS,2015-03-09,26.5938,2015-08-14,28.4339,6.9192
MS,2015-11-09,26.9221,2015-12-23,24.6104,-8.5867
MSCI,2015-01-09,45.7512,2015-06-24,56.6816,23.891
MSCI,2015-07-10,56.4127,2015-08-31,54.853,-2.7647
MSCI,2015-10-30,59.1804,2016-01-25,60.424,2.1013
MSFT,2015-04-29,41.9719,2015-06-25,39.9122,-4.9073
MSFT,2015-08-05,41.603,2015-09-02,36.9722,-11.1311
MSFT,2015-10-13,40.638,2016-01-19,45.235,11.3123
MSI,2015-02-13,58.9145,2015-03-31,56.058,-4.8484
MSI,2015-07-31,51.0238,2015-12-29,59.8065,17.2128
MTB,2015-02-27,91.1548,2015-04-27,89.9597,-1.311
MTB,2015-06-09,93.6224,2015-08-27,90.198,-3.6577
MTB,2015-10-30,94.1335,2016-01-04,91.1818,-3.1357
MTCH,2015-02-17,17.221,2015-08-14,19.8375,15.1938
MTCH,2015-10-29,17.6936,2016-09-09,14.6796,-17.0343
MTD,2015-05-28,329.44,2015-08-11,329.5,0.0182
MTD,2015-10-30,309.62,2016-01-14,312.33,0.8753
MU,2015-05-06,27.5625,2015-05-22,26.5956,-3.5081
MU,2015-10-19,17.942,2015-11-16,14.6017,-18.6173
NCLH,2015-03-03,50.8,2015-05-06,48.09,-5.3346
NCLH,2015-05-29,54.2,2015-09-04,56.96,5.0922
NCLH,2015-09-24,61.99,2015-10-19,59.96,-3.2747
NCLH,2015-10-28,64.1,2015-11-20,56.89,-11.248
NDAQ,2015-02-18,13.9396,2015-04-21,13.616,-2.3216
NDAQ,2015-05-21,14.556,2015-07-02,13.8822,-4.6289
NDAQ,2015-08-03,14.3376,2015-09-16,14.6343,2.0693
NDAQ,2015-10-05,15.0947,2015-12-23,16.6549,10.3361
NDSN,2015-02-24,70.5182,2015-06-26,71.6862,1.6564
NDSN,2015-10-26,62.9784,2015-12-17,58.7377,-6.7335
NEE,2015-04-13,20.0471,2015-05-11,19.3812,-3.3215
NEE,2015-07-16,19.8781,2015-09-10,18.5487,-6.6879
NEE,2015-10-22,20.357,2015-12-01,19.6423,-3.5107
NEE,2015-12-31,20.6006,2016-08-22,25.0025,21.3679
NEM,2015-01-13,16.8927,2015-03-24,18.2252,7.8878
NEM,2015-05-01,20.5849,2015-06-23,18.8333,-8.5091
NEM,2015-10-12,15.1885,2015-12-01,14.3841,-5.296
NEM,2015-12-17,14.5606,2016-01-11,14.3079,-1.7354
NFLX,2015-01-27,63.0871,2015-03-30,59.7157,-5.3441
NFLX,2015-04-22,80.2114,2015-09-14,96.84,20.7309
NFLX,2015-10-28,102.9,2016-01-11,112.13,8.9699
NI,2015-01-09,11.9922,2015-03-09,11.7254,-2.2246
NI,2015-04-09,12.3408,2015-07-15,12.1061,-1.902
NI,2015-09-02,12.0635,2015-09-14,12.0635,0.0
NI,2015-10-01,13.5732,2015-12-21,13.9247,2.5899
NKE,2015-03-09,42.8936,2015-09-04,48.507,13.0867
NKE,2015-09-28,55.2932,2015-12-29,57.2614,3.5597
NOC,2015-06-16,135.2054,2015-09-11,141.1885,4.4252
NOC,2015-10-12,150.9188,2016-01-27,155.6561,3.139
NOW,2015-06-12,77.33,2015-07-21,78.81,1.9139
NOW,2015-08-03,80.5,2015-08-21,69.43,-13.7516
NOW,2015-10-19,76.34,2016-01-11,78.72,3.1176
NRG,2015-04-21,20.4829,2015-06-15,19.1162,-6.6722
NSC,2015-02-17,86.707,2015-04-02,81.9516,-5.4845
NSC,2015-10-23,65.3594,2016-01-05,66.5079,1.7573
NTAP,2015-09-17,25.0306,2015-10-01,22.9485,-8.3179
NTAP,2015-10-13,25.7668,2015-12-02,24.0153,-6.7976
NTRS,2015-02-13,53.3706,2015-08-20,58.6667,9.9233
NTRS,2015-11-02,54.3854,2016-01-04,54.254,-0.2416
NUE,2015-02-27,36.605,2015-04-17,36.701,0.2624
NUE,2015-04-23,36.4589,2015-06-17,37.6854,3.364
NUE,2015-08-21,35.04,2015-09-08,33.8825,-3.3033
NUE,2015-10-29,33.6334,2015-12-09,31.741,-5.6265
NVDA,2015-02-13,0.5339,2015-04-17,0.5305,-0.6526
NVDA,2015-05-05,0.5427,2015-06-29,0.4961,-8.589
NVDA,2015-08-17,0.5687,2016-01-20,0.654,15.0002
NVR,2015-01-12,1299.95,2015-05-12,1305.65,0.4385
NVR,2015-05-21,1382.0,2016-01-06,1589.75,15.0326
NWS,2015-02-11,14.3634,2015-04-14,14.1159,-1.7231
NWS,2015-08-17,13.1524,2015-08-26,11.915,-9.4086
NWS,2015-10-21,13.1998,2015-12-09,12.2111,-7.4899
NWSA,2015-01-20,13.3235,2015-04-08,14.2399,6.8783
NWSA,2015-08-14,13.438,2015-08-25,11.7285,-12.7213
NWSA,2015-10-22,12.7692,2015-12-09,11.9523,-6.3978
NXPI,2015-05-27,96.0583,2015-07-06,86.7233,-9.7181
NXPI,2015-10-22,83.4054,2015-11-11,72.0258,-13.6437
NXPI,2015-12-16,75.7921,2016-01-13,69.8557,-7.8324
O,2015-04-10,29.8861,2015-04-21,29.4781,-1.3655
O,2015-07-23,28.6741,2015-09-08,27.2166,-5.083
O,2015-10-07,29.0381,2016-05-24,37.4126,28.8397
ODFL,2015-03-02,25.1768,2015-04-15,23.2691,-7.5773
ODFL,2015-08-07,23.5361,2015-09-08,21.5415,-8.4746
ODFL,2015-11-18,20.4509,2015-12-14,18.9646,-7.2676
OKE,2015-02-23,24.5211,2015-05-15,23.4883,-4.2117
OKE,2015-10-12,21.1505,2015-11-10,16.738,-20.8625
OMC,2015-02-25,55.0229,2015-04-29,54.1579,-1.5722
OMC,2015-08-04,52.0565,2015-08-27,48.722,-6.4055
OMC,2015-10-20,52.4362,2016-01-19,51.1094,-2.5302
ON,2015-05-20,12.76,2015-07-02,11.62,-8.9342
ON,2015-10-21,10.63,2015-12-11,9.92,-6.6792
ORCL,2015-03-10,35.9707,2015-04-20,37.0112,2.8926
ORCL,2015-04-29,37.9427,2015-06-22,35.7208,-5.8559
ORCL,2015-10-27,33.0083,2015-12-21,31.6218,-4.2004
ORLY,2015-02-10,13.6267,2015-09-16,16.648,22.1722
ORLY,2015-09-29,16.4467,2015-12-16,16.8313,2.3389
OXY,2015-02-10,58.9734,2015-03-12,54.7553,-7.1526
OXY,2015-04-23,58.5224,2015-06-03,57.6502,-1.4903
OXY,2015-06-24,58.6165,2015-07-10,54.51,-7.0058
OXY,2015-10-19,54.8939,2015-12-14,49.5282,-9.7746
PANW,2015-10-02,28.2,2015-10-23,26.85,-4.7872
PANW,2015-12-03,32.185,2016-01-14,25.6417,-20.3304
PARA,2015-10-30,38.1177,2015-12-30,38.5929,1.2465
PAYC,2015-02-11,33.5837,2015-04-20,30.0512,-10.5186
PAYC,2015-05-08,35.1483,2015-07-16,34.4595,-1.9597
PAYC,2015-08-20,39.0252,2015-10-13,39.4385,1.059
PAYC,2015-10-23,38.3463,2015-12-18,37.2737,-2.797
PAYX,2015-01-28,34.6297,2015-04-21,36.2233,4.6018
PAYX,2015-05-28,36.4404,2015-06-18,35.1415,-3.5642
PAYX,2015-08-21,34.8014,2016-01-07,36.1583,3.8991
PCAR,2015-04-24,30.1219,2015-06-16,29.0472,-3.5679
PCAR,2015-07-31,29.5686,2015-08-14,28.553,-3.4346
PCG,2015-07-30,48.1353,2015-09-09,45.306,-5.8778
PCG,2015-10-08,49.0377,2015-12-02,49.1683,0.2663
PEG,2015-04-08,29.1808,2015-06-18,28.5167,-2.2757
PEG,2015-08-03,29.4969,2015-09-11,27.5628,-6.5568
PEG,2015-10-09,30.5541,2015-11-17,28.332,-7.2727
PEP,2015-02-05,71.264,2015-03-20,69.5059,-2.4671
PEP,2015-05-12,70.834,2015-06-15,69.3271,-2.1275
PEP,2015-07-16,72.1665,2015-09-04,68.1645,-5.5455
PEP,2015-10-14,73.2356,2015-12-22,74.6085,1.8747
PFE,2015-06-23,21.2462,2015-09-02,19.869,-6.4821
PFE,2015-10-26,21.1571,2015-12-03,20.6504,-2.3949
PFG,2015-03-02,34.8819,2015-07-21,36.81,5.5273
PFG,2015-07-29,37.6467,2015-09-08,33.1776,-11.8712
PFG,2015-10-29,35.401,2015-12-15,32.0425,-9.4872
PG,2015-07-09,61.4684,2015-08-12,57.5295,-6.408
PG,2015-10-15,56.5819,2016-05-03,62.8515,11.0805
PGR,2015-02-17,21.2673,2015-04-30,20.9303,-1.585
PGR,2015-05-13,21.1341,2015-09-11,23.3996,10.7196
PGR,2015-10-02,23.7445,2015-11-30,24.3951,2.7402
PH,2015-03-16,99.4663,2015-06-16,99.9732,0.5096
PH,2015-11-03,90.5721,2015-12-10,83.5284,-7.7768
PHM,2015-04-15,19.8676,2015-04-29,17.28,-13.0243
PHM,2015-07-02,18.0582,2015-09-21,18.3305,1.5081
PHM,2015-09-24,17.0306,2015-12-24,16.1024,-5.4504
PKG,2015-08-04,51.608,2015-09-14,48.8205,-5.4013
PKG,2015-10-27,49.9319,2015-12-11,48.455,-2.9579
PLD,2015-04-10,31.5349,2015-05-01,29.9415,-5.0529
PLD,2015-07-31,30.3793,2015-09-09,28.36,-6.647
PLD,2015-10-13,31.5211,2015-12-28,32.3662,2.6808
PM,2015-03-03,48.7799,2015-03-12,46.1777,-5.3345
PM,2015-04-28,49.01,2015-06-18,49.1475,0.2805
PM,2015-07-22,51.7902,2015-09-01,47.3025,-8.6652
PM,2015-10-14,51.8598,2016-08-10,62.5714,20.655
PNC,2015-02-20,65.5068,2015-04-22,65.8228,0.4824
PNC,2015-05-22,68.6561,2015-08-25,66.5148,-3.1189
PNC,2015-10-30,67.2897,2016-01-11,64.5858,-4.0182
PNR,2015-01-16,36.2004,2015-01-28,35.1305,-2.9556
PNR,2015-02-10,36.9523,2015-03-25,36.0161,-2.5334
PNR,2015-05-27,36.4347,2015-06-22,34.857,-4.3303
PNR,2015-07-06,37.8378,2015-07-31,34.5802,-8.6094
PNR,2015-10-27,31.1782,2015-12-11,29.9133,-4.057
PNW,2015-07-23,40.2653,2015-09-15,40.4021,0.3398
PNW,2015-10-06,43.128,2015-11-24,42.5486,-1.3435
PODD,2015-03-23,33.91,2015-04-16,30.01,-11.501
PODD,2015-06-17,30.25,2015-09-01,29.14,-3.6694
PODD,2015-10-27,29.84,2016-01-26,33.43,12.0308
POOL,2015-06-09,61.1466,2015-08-26,60.8462,-0.4913
POOL,2015-09-23,64.6009,2016-01-05,71.4575,10.6137
PPG,2015-05-26,95.8629,2015-07-22,90.7512,-5.3323
PPG,2015-10-26,87.6731,2015-12-24,84.4642,-3.6601
PPL,2015-02-06,20.9316,2015-06-17,19.0959,-8.7698
PPL,2015-07-30,19.8215,2015-09-15,19.2843,-2.7105
PPL,2015-10-08,20.9929,2015-12-09,21.4993,2.4124
PRU,2015-03-16,52.453,2015-04-20,51.1627,-2.4599
PRU,2015-05-06,54.3724,2015-08-24,49.4581,-9.0382
PRU,2015-10-29,54.6902,2015-12-29,54.5348,-0.2842
PSA,2015-04-16,127.8127,2015-06-16,125.6596,-1.6846
PSA,2015-07-22,136.0116,2015-09-18,140.2697,3.1307
PSA,2015-10-02,145.6026,2016-02-11,161.416,10.8607
PSX,2015-02-13,51.9257,2015-06-15,53.6272,3.2768
PSX,2015-07-10,55.118,2015-08-24,49.9768,-9.3277
PSX,2015-10-07,57.6195,2015-12-22,56.5673,-1.8262
PTC,2015-03-24,35.9,2015-07-20,39.04,8.7465
PTC,2015-10-26,34.27,2015-12-21,33.87,-1.1672
PWR,2015-02-17,28.1952,2015-04-01,27.9008,-1.0442
PWR,2015-04-20,28.7153,2015-07-14,28.0774,-2.2215
PWR,2015-10-07,25.359,2015-10-23,19.0094,-25.0387
PWR,2015-12-23,20.0006,2016-07-01,22.6994,13.4936
PYPL,2015-08-04,39.91,2015-08-28,34.51,-13.5304
PYPL,2015-10-30,35.64,2015-12-21,35.21,-1.2065
QCOM,2015-03-11,53.1907,2015-04-06,49.2267,-7.4524
QCOM,2015-05-19,52.3057,2015-06-19,50.4818,-3.487
QCOM,2015-10-23,45.7869,2015-11-20,36.8531,-19.5118
RCL,2015-03-25,68.8003,2015-04-29,61.691,-10.3333
RCL,2015-06-08,69.8699,2015-12-10,83.0939,18.9266
RCL,2015-12-31,91.7476,2016-01-22,79.0619,-13.8268
REG,2015-04-07,46.9361,2015-04-30,43.5034,-7.3135
REG,2015-07-31,43.7233,2015-09-03,41.1171,-5.9606
REG,2015-10-08,44.6637,2016-08-29,56.7183,26.9895
REGN,2015-02-26,423.8284,2015-09-08,513.4606,21.1482
REGN,2015-11-02,566.7234,2015-12-23,529.596,-6.5512
RF,2015-03-09,6.775,2015-04-16,6.8107,0.5263
RF,2015-04-28,6.6986,2015-07-23,7.5262,12.3545
RF,2015-08-06,7.4205,2015-08-25,6.6594,-10.2564
RF,2015-11-03,6.7725,2015-12-31,6.8364,0.9424
RJF,2015-02-24,32.3889,2015-04-16,32.7494,1.1132
RJF,2015-05-18,33.1791,2015-07-31,34.2368,3.1879
RJF,2015-08-06,34.2196,2016-01-11,29.6137,-13.4598
RL,2015-04-17,110.6323,2015-05-21,106.4722,-3.7603
RL,2015-06-23,113.0292,2015-07-22,105.901,-6.3066
RL,2015-10-13,97.7,2015-12-22,91.3962,-6.4523
RMD,2015-10-19,50.0082,2015-12-23,48.0832,-3.8494
ROK,2015-02-13,95.4535,2015-04-06,91.8164,-3.8103
ROK,2015-05-07,98.4055,2015-07-21,100.9506,2.5863
ROK,2015-11-02,90.0277,2015-12-09,86.0319,-4.4384
ROL,2015-06-10,10.1792,2015-09-14,11.1675,9.7088
ROL,2015-12-17,10.5751,2016-04-13,10.6749,0.9433
ROP,2015-02-12,154.0133,2015-07-20,166.7623,8.2779
ROP,2015-10-19,163.4464,2016-01-05,175.9944,7.6772
ROST,2015-07-10,46.0645,2015-09-04,43.4618,-5.6501
ROST,2015-10-29,45.6794,2015-11-20,45.8067,0.2785
ROST,2015-11-25,47.5608,2016-02-08,47.9743,0.8695
RSG,2015-06-05,33.213,2015-06-18,33.7374,1.5789
RSG,2015-07-28,35.0152,2015-09-14,33.9338,-3.0883
RSG,2015-10-14,36.5136,2016-01-28,36.0602,-1.2416
RTX,2015-05-28,57.9518,2015-06-24,56.6818,-2.1915
RTX,2015-10-26,50.0486,2015-12-15,46.8978,-6.2955
RVTY,2015-02-04,44.9922,2015-07-22,50.2391,11.6617
RVTY,2015-10-27,48.2171,2016-01-12,46.7422,-3.0589
SBAC,2015-02-05,111.0757,2015-04-07,113.1292,1.8487
SBAC,2015-06-26,112.1771,2015-07-24,111.1037,-0.9569
SBAC,2015-07-31,111.2623,2015-09-15,104.7005,-5.8976
SBAC,2015-11-02,110.8517,2015-11-25,98.3626,-11.2664
SBUX,2015-10-01,46.7884,2015-12-21,48.5048,3.6685
SCHW,2015-02-27,26.2053,2015-08-28,26.7343,2.0186
SCHW,2015-11-04,27.9561,2016-01-08,26.1733,-6.3769
SHW,2015-05-28,87.5892,2015-06-18,85.4495,-2.443
SHW,2015-11-03,82.0193,2016-01-05,78.2606,-4.5827
SJM,2015-01-21,77.0135,2015-06-16,82.9985,7.7714
SJM,2015-08-21,83.2499,2015-11-19,89.0396,6.9546
SJM,2015-11-20,92.1165,2016-02-01,96.4452,4.6991
SLB,2015-02-17,66.3517,2015-03-23,61.8947,-6.7172
SLB,2015-04-16,68.4676,2015-06-16,67.6019,-1.2643
SLB,2015-10-28,59.1254,2015-12-11,54.6408,-7.5849
SMCI,2015-06-08,3.352,2015-07-08,2.751,-17.9296
SMCI,2015-09-21,2.885,2015-11-20,2.34,-18.8908
SNA,2015-02-17,114.6337,2015-09-08,125.2845,9.2911
SNA,2015-10-27,128.6682,2016-01-13,131.8436,2.4679
SNPS,2015-02-12,44.5,2015-08-27,47.0,5.618
SNPS,2015-10-27,49.71,2015-12-14,44.91,-9.656
SO,2015-07-24,28.0137,2015-09-15,28.1463,0.4731
SO,2015-10-14,30.0794,2015-12-03,29.4381,-2.1319
SO,2015-12-15,30.126,2016-05-11,33.9601,12.727
SPG,2015-04-09,118.1379,2015-05-04,110.961,-6.075
SPG,2015-07-28,112.7299,2015-09-15,109.3046,-3.0385
SPG,2015-10-09,118.789,2015-12-01,115.0312,-3.1634
SPGI,2015-02-06,86.6531,2015-06-12,94.4319,8.977
SPGI,2015-08-06,92.3556,2016-01-08,83.5406,-9.5446
SRE,2015-04-09,39.34,2015-05-01,38.4917,-2.1565
SRE,2015-08-17,38.753,2015-09-03,33.631,-13.2171
SRE,2015-10-19,37.2518,2015-12-08,34.7615,-6.6851
STE,2015-03-24,61.4684,2015-05-19,62.7799,2.1335
STE,2015-07-23,62.1463,2015-09-01,56.5159,-9.0598
STE,2015-10-16,60.0835,2016-01-07,65.8424,9.5848
STLD,2015-02-26,15.1335,2015-07-01,16.7949,10.9783
STLD,2015-08-24,14.971,2015-11-16,13.9853,-6.5842
STLD,2015-11-19,14.4653,2016-01-22,13.2982,-8.0683
STT,2015-03-03,56.1019,2015-03-23,56.8715,1.3719
STT,2015-04-23,58.3952,2015-07-13,58.0373,-0.6129
STT,2015-08-11,59.1073,2015-12-23,50.5195,-14.5291
STX,2015-05-04,36.6364,2015-06-09,32.7058,-10.7287
STX,2015-08-18,32.4009,2015-09-18,29.3796,-9.3246
STZ,2015-05-26,102.2038,2015-07-10,101.1052,-1.075
STZ,2015-08-07,107.3424,2016-02-25,121.6625,13.3406
SW,2015-08-03,22.1014,2015-09-03,20.6194,-6.7054
SWK,2015-02-19,75.8003,2015-04-02,74.3442,-1.9209
SWK,2015-04-28,77.3466,2015-08-12,81.6111,5.5135
SWK,2015-10-27,82.8012,2016-01-07,78.3179,-5.4145
SWKS,2015-05-20,86.104,2015-07-20,85.8075,-0.3443
SWKS,2015-12-04,68.9846,2016-01-07,55.1944,-19.9904
SYF,2015-05-12,26.025,2015-09-03,25.8239,-0.773
SYF,2015-10-30,24.8984,2015-11-23,25.6549,3.0381
SYF,2015-12-02,26.2343,2016-06-21,20.6655,-21.227
SYK,2015-02-26,83.7191,2015-03-19,82.3122,-1.6806
SYK,2015-04-27,86.5496,2015-09-14,88.8303,2.6352
SYK,2015-11-06,86.947,2015-12-04,83.0644,-4.4655
SYY,2015-06-11,28.5412,2015-06-19,28.5718,0.1074
SYY,2015-06-25,29.6522,2015-07-07,27.5585,-7.0608
SYY,2015-08-17,31.5208,2016-01-15,30.8253,-2.2063
T,2015-02-03,11.9313,2015-03-18,11.6725,-2.1688
T,2015-04-29,12.4918,2015-08-12,12.4483,-0.3485
T,2015-10-21,12.6927,2016-08-30,16.1422,27.177
TAP,2015-01-14,58.3452,2015-03-03,59.4752,1.9368
TAP,2015-04-16,60.2048,2015-05-13,58.0317,-3.6096
TAP,2015-08-20,57.7514,2015-08-28,53.0374,-8.1627
TAP,2015-09-23,65.8305,2016-01-19,69.3772,5.3877
TDG,2015-08-07,159.0453,2015-09-17,153.4948,-3.4898
TDG,2015-11-17,154.4633,2016-01-04,152.4195,-1.3232
TDY,2015-03-02,100.92,2015-05-20,104.38,3.4285
TDY,2015-06-26,107.42,2015-08-11,104.58,-2.6438
TDY,2015-11-24,91.42,2015-12-31,88.94,-2.7127
TECH,2015-05-29,23.7288,2015-06-25,23.3016,-1.8003
TECH,2015-07-23,25.1435,2015-09-02,21.7001,-13.6949
TEL,2015-01-30,55.1214,2015-04-20,57.8588,4.9662
TEL,2015-06-11,57.3086,2015-12-29,54.9703,-4.0802
TER,2015-03-03,18.6061,2015-04-15,17.6912,-4.9172
TER,2015-05-14,19.1196,2015-07-08,17.9006,-6.3755
TER,2015-10-12,17.6144,2016-01-19,18.1652,3.1267
TFC,2015-02-26,25.6972,2015-05-05,26.1405,1.7251
TFC,2015-05-26,26.7415,2015-08-13,26.8269,0.3196
TFC,2015-10-28,25.1792,2016-01-04,25.3152,0.5401
TGT,2015-06-22,63.1265,2015-08-11,58.9445,-6.6247
TGT,2015-10-09,59.3937,2015-10-22,57.7935,-2.6941
TJX,2015-06-30,29.0038,2015-11-18,29.9094,3.1223
TKO,2015-02-11,11.1075,2015-04-13,11.4703,3.2665
TKO,2015-06-09,13.3792,2015-09-23,15.5163,15.9733
TKO,2015-10-28,17.7205,2015-11-13,14.1799,-19.9804
TMO,2015-02-24,126.7413,2015-05-01,122.6998,-3.1888
TMO,2015-06-29,127.1335,2015-08-28,123.8416,-2.5893
TMO,2015-10-27,123.0898,2016-01-27,130.4781,6.0024
TMUS,2015-01-20,29.2099,2015-07-29,36.0496,23.4156
TMUS,2015-08-12,39.8202,2015-10-22,39.1869,-1.5904
TPL,2015-02-18,37.6339,2015-06-11,44.6282,18.585
TPL,2015-09-24,41.5832,2015-11-27,42.5706,2.3745
TPR,2015-10-23,22.7282,2016-05-24,29.7856,31.051
TRGP,2015-03-02,59.2935,2015-04-01,57.0791,-3.7346
TRGP,2015-04-16,63.8656,2015-06-02,55.1806,-13.599
TRGP,2015-10-30,33.9985,2016-07-07,27.981,-17.6991
TRMB,2015-03-02,26.09,2015-03-30,24.4,-6.4776
TRMB,2015-05-07,25.13,2015-05-21,24.26,-3.462
TRMB,2015-10-30,20.98,2016-01-07,20.39,-2.8122
TROW,2015-03-11,55.1188,2015-06-04,55.8215,1.2749
TROW,2015-10-27,52.1457,2015-12-22,50.4666,-3.2201
TRV,2015-07-24,84.1656,2015-09-08,79.677,-5.333
TRV,2015-10-20,87.4402,2015-12-30,93.1345,6.5123
TSCO,2015-10-26,15.7102,2015-12-11,15.2094,-3.1879
TSCO,2015-12-17,15.2613,2016-06-28,16.275,6.6422
TSLA,2015-02-23,14.3773,2015-03-05,13.5233,-5.9399
TSLA,2015-04-23,14.5513,2015-08-13,15.9907,9.8914
TSLA,2015-09-28,17.1567,2015-10-15,14.4287,-15.9005
TSLA,2015-12-10,14.9807,2016-01-19,13.914,-7.1203
TSN,2015-02-19,32.6419,2015-03-23,31.7297,-2.7946
TSN,2015-05-08,32.3243,2015-08-14,33.4412,3.4553
TSN,2015-09-24,33.4168,2016-02-05,44.7435,33.8951
TT,2015-02-03,43.2302,2015-05-14,45.3113,4.8139
TT,2015-05-18,45.9698,2015-07-13,44.1547,-3.9486
TT,2015-10-30,38.8699,2015-12-18,35.1896,-9.4682
TTWO,2015-05-26,27.1,2015-09-04,28.35,4.6125
TTWO,2015-10-15,30.88,2016-01-14,32.61,5.6023
TXN,2015-02-06,41.5193,2015-04-16,43.6595,5.1547
TXN,2015-10-12,38.5916,2015-12-31,42.9178,11.2103
TXT,2015-01-15,41.8334,2015-07-10,43.7342,4.5436
TXT,2015-10-28,39.8812,2016-01-06,40.3642,1.2111
TYL,2015-02-13,115.03,2015-05-26,124.24,8.0066
TYL,2015-06-30,128.79,2015-09-15,146.34,13.6268
TYL,2015-09-18,149.8,2016-01-12,162.02,8.1575
UAL,2015-07-28,57.08,2015-09-15,57.49,0.7183
UAL,2015-09-23,58.52,2015-10-05,52.03,-11.0902
UAL,2015-11-02,60.61,2015-12-15,57.83,-4.5867
UDR,2015-03-25,24.0703,2015-05-07,22.5692,-6.2362
UDR,2015-07-10,23.2787,2015-09-09,22.4566,-3.5315
UDR,2015-10-07,24.6906,2016-01-29,25.2334,2.1987
UHS,2015-03-06,109.6826,2015-09-02,127.425,16.1762
ULTA,2015-06-01,153.05,2015-09-08,160.72,5.0114
ULTA,2015-10-05,166.83,2016-02-03,180.5,8.194
UNH,2015-06-03,100.544,2015-08-25,96.6915,-3.8317
UNH,2015-10-06,102.6613,2015-11-11,99.9886,-2.6034
UNH,2015-12-24,102.302,2016-01-21,98.9705,-3.2566
UNP,2015-02-09,96.0956,2015-03-23,91.2226,-5.071
UNP,2015-10-12,77.7758,2015-11-16,67.1897,-13.611
UPS,2015-05-12,70.5389,2015-07-02,68.9266,-2.2857
UPS,2015-08-10,72.8614,2015-09-14,69.448,-4.6847
UPS,2015-10-12,73.9608,2015-12-11,71.0425,-3.9457
URI,2015-03-04,91.4087,2015-03-30,88.1414,-3.5745
URI,2015-04-15,94.9095,2015-06-12,88.3359,-6.9262
URI,2015-09-25,62.7025,2015-10-05,58.8322,-6.1725
URI,2015-10-26,72.0962,2015-12-18,64.871,-10.0216
USB,2015-02-23,30.8435,2015-04-08,30.2724,-1.8517
USB,2015-05-26,30.391,2015-08-27,29.4076,-3.2359
USB,2015-10-29,30.3586,2016-01-06,29.161,-3.9448
V,2015-02-19,62.8579,2015-04-07,60.8679,-3.1659
V,2015-05-13,64.1173,2015-07-13,64.3971,0.4364
V,2015-07-23,67.3349,2015-09-10,64.923,-3.5819
V,2015-10-16,70.3691,2015-12-31,73.2188,4.0496
VLO,2015-02-05,35.8687,2015-04-24,39.2655,9.47
VLO,2015-06-05,37.8493,2015-09-03,39.5531,4.5017
VLO,2015-10-22,40.0286,2016-01-12,47.1262,17.7312
VMC,2015-01-12,62.4138,2015-04-27,77.0676,23.4784
VMC,2015-05-11,82.7311,2015-07-01,77.8683,-5.8779
VMC,2015-07-30,83.3817,2015-10-13,86.0744,3.2293
VMC,2015-11-13,90.8946,2015-12-29,89.2504,-1.8089
VRSK,2015-07-30,75.5032,2015-09-08,70.9653,-6.0101
VRSK,2015-10-09,77.9976,2015-11-11,68.2407,-12.5092
VRSK,2015-12-18,73.3158,2016-01-25,67.9049,-7.3803
VRSN,2015-02-17,62.0109,2015-05-12,62.9384,1.4957
VRSN,2015-07-23,65.6709,2015-09-21,69.9193,6.4692
VRSN,2015-09-23,69.8595,2016-01-12,78.5059,12.3769
VRTX,2015-03-12,123.21,2015-05-26,124.8,1.2905
VRTX,2015-06-01,128.48,2015-06-16,123.52,-3.8605
VRTX,2015-06-26,130.5,2015-09-11,131.0,0.3831
VRTX,2015-11-12,117.78,2015-12-29,124.97,6.1046
VTR,2015-04-21,52.8138,2015-05-06,49.1027,-7.0267
VTR,2015-08-03,48.9533,2015-08-25,37.3019,-23.801
VTR,2015-10-26,35.3207,2015-11-10,32.2908,-8.5782
VTR,2015-12-23,35.9145,2016-02-11,32.4171,-9.7383
VTRS,2015-03-04,46.6565,2015-07-01,57.3025,22.8177
VTRS,2015-11-18,42.5252,2016-01-28,43.395,2.0452
VZ,2015-02-06,28.1011,2015-06-09,27.9589,-0.5059
VZ,2015-08-21,27.6803,2015-12-21,27.6053,-0.2712
VZ,2015-12-23,28.0761,2016-05-02,31.6301,12.6582
WAB,2015-02-17,85.1428,2015-06-29,89.5088,5.1279
WAB,2015-08-12,92.6243,2015-09-10,88.5796,-4.3667
WAT,2015-01-12,116.82,2015-07-13,129.64,10.9741
WAT,2015-08-12,131.49,2015-08-20,127.65,-2.9204
WAT,2015-10-30,128.84,2016-01-13,127.44,-1.0866
WBA,2015-06-24,59.6891,2015-08-31,59.9165,0.3809
WBA,2015-10-30,57.8606,2015-11-13,55.5594,-3.9772
WBD,2015-03-06,33.39,2015-05-19,32.78,-1.8269
WBD,2015-06-01,34.07,2015-07-24,32.21,-5.4594
WBD,2015-10-15,28.46,2015-12-18,26.47,-6.9923
WDAY,2015-02-13,91.0,2015-03-26,82.81,-9.0
WDAY,2015-04-27,88.6,2015-06-05,78.62,-11.2641
WDAY,2015-07-31,83.48,2015-08-28,75.0,-10.1581
WDAY,2015-10-21,79.37,2016-01-04,77.79,-1.9907
WDC,2015-03-09,65.0686,2015-03-17,61.805,-5.0156
WDC,2015-05-08,61.1008,2015-05-27,59.6991,-2.2941
WDC,2015-08-25,50.6166,2015-09-16,51.9115,2.5583
WDC,2015-10-27,43.7394,2016-04-21,28.9937,-33.7126
WEC,2015-05-04,35.4598,2015-05-13,34.2815,-3.3228
WEC,2015-07-23,34.6714,2015-09-16,35.1024,1.2431
WEC,2015-10-02,38.1697,2015-11-20,37.1238,-2.7402
WELL,2015-04-14,50.3459,2015-04-24,50.3127,-0.0659
WELL,2015-08-05,46.6491,2015-09-03,43.0984,-7.6116
WELL,2015-10-08,47.3266,2015-11-12,40.6304,-14.1489
WELL,2015-12-23,45.5741,2016-02-08,43.9714,-3.5166
WFC,2015-02-19,40.659,2015-04-16,40.7486,0.2205
WFC,2015-05-08,41.5062,2015-08-26,39.0436,-5.9333
WFC,2015-10-28,41.073,2015-12-30,42.1406,2.5994
WM,2015-07-31,42.3967,2015-09-21,41.7529,-1.5186
WM,2015-10-12,44.0872,2015-12-14,43.0823,-2.2794
WMB,2015-02-17,26.9333,2015-06-15,26.0036,-3.4518
WMB,2015-07-01,31.9648,2015-08-12,27.9832,-12.4563
WMT,2015-12-16,16.773,2016-05-17,18.7057,11.5227
WRB,2015-03-10,11.8457,2015-04-23,11.7234,-1.0325
WRB,2015-06-17,12.3438,2015-09-08,12.8694,4.2582
WRB,2015-10-22,13.329,2015-11-30,13.4058,0.576
WRB,2015-12-17,13.0244,2016-09-07,14.0969,8.2351
WSM,2015-06-02,30.7609,2015-09-04,29.6486,-3.616
WST,2015-03-03,52.6396,2015-05-05,51.3737,-2.4049
WST,2015-06-17,54.7277,2015-08-26,53.8184,-1.6614
WST,2015-11-02,57.8681,2016-01-05,55.4149,-4.2394
WTW,2015-02-12,109.5933,2015-05-15,108.1527,-1.3144
WTW,2015-10-29,103.4961,2016-01-22,97.7418,-5.5599
WY,2015-06-04,21.4265,2015-07-16,20.739,-3.2085
WY,2015-10-23,20.5106,2016-01-05,20.6287,0.5755
WYNN,2015-02-17,138.0793,2015-03-11,112.6489,-18.4173
WYNN,2015-07-29,85.7862,2015-08-06,88.0145,2.5975
WYNN,2015-11-02,62.924,2015-12-02,58.5863,-6.8935
WYNN,2015-12-30,61.513,2016-01-12,51.6808,-15.9839
XEL,2015-07-22,24.2746,2015-09-15,24.3115,0.1523
XEL,2015-10-08,25.8121,2015-12-02,26.4995,2.6633
XOM,2015-02-18,58.8734,2015-06-09,55.0369,-6.5165
XOM,2015-10-13,51.2726,2015-12-09,49.1704,-4.1001
XYL,2015-03-09,30.9631,2015-04-01,31.1828,0.7096
XYL,2015-04-28,31.754,2015-07-10,31.6815,-0.2286
XYL,2015-10-09,31.0832,2016-01-05,32.0758,3.1933
XYZ,2015-12-31,12.7,2016-01-15,10.62,-16.378
YUM,2015-02-11,43.9801,2015-07-13,54.4382,23.7791
YUM,2015-12-11,43.7158,2016-01-15,41.3757,-5.353
ZBH,2015-11-05,96.4139,2015-12-18,89.9504,-6.7039
ZBRA,2015-12-03,78.26,2016-04-27,63.97,-18.2596
ZTS,2015-06-01,46.1461,2015-07-22,45.3419,-1.7428
ZTS,2015-11-10,42.5364,2016-01-22,40.5285,-4.7205
